Temperature (C),"	Year", Month, Country
25.326168,1901,1,GHA
28.64299,1901,2,GHA
28.397196,1901,3,GHA
28.612148,1901,4,GHA
27.476635,1901,5,GHA
26.638317,1901,6,GHA
25.646729,1901,7,GHA
25.338318,1901,8,GHA
25.836447,1901,9,GHA
26.87383,1901,10,GHA
27.31215,1901,11,GHA
25.706543,1901,12,GHA
26.136448,1902,1,GHA
28.275702,1902,2,GHA
28.96542,1902,3,GHA
29.637384,1902,4,GHA
28.257944,1902,5,GHA
25.876637,1902,6,GHA
25.63084,1902,7,GHA
25.497196,1902,8,GHA
25.671026,1902,9,GHA
26.081308,1902,10,GHA
27.345795,1902,11,GHA
26.456076,1902,12,GHA
26.904673,1903,1,GHA
28.971964,1903,2,GHA
29.453272,1903,3,GHA
29.137384,1903,4,GHA
28.124298,1903,5,GHA
26.596262,1903,6,GHA
25.545795,1903,7,GHA
25.268223,1903,8,GHA
25.725235,1903,9,GHA
26.913082,1903,10,GHA
27.229908,1903,11,GHA
26.46542,1903,12,GHA
26.80841,1904,1,GHA
28.738317,1904,2,GHA
29.452337,1904,3,GHA
29.085047,1904,4,GHA
28.175701,1904,5,GHA
26.674765,1904,6,GHA
25.602804,1904,7,GHA
25.336449,1904,8,GHA
25.832712,1904,9,GHA
26.899067,1904,10,GHA
27.299067,1904,11,GHA
26.538319,1904,12,GHA
25.998133,1905,1,GHA
27.160748,1905,2,GHA
28.446728,1905,3,GHA
28.77944,1905,4,GHA
28.186916,1905,5,GHA
26.078503,1905,6,GHA
25.615887,1905,7,GHA
25.002804,1905,8,GHA
25.594393,1905,9,GHA
26.911215,1905,10,GHA
27.647663,1905,11,GHA
26.681309,1905,12,GHA
26.172897,1906,1,GHA
29.086918,1906,2,GHA
29.74299,1906,3,GHA
30.799067,1906,4,GHA
28.339252,1906,5,GHA
27.162617,1906,6,GHA
25.248598,1906,7,GHA
25.1,1906,8,GHA
26.057943,1906,9,GHA
26.831776,1906,10,GHA
27.210281,1906,11,GHA
26.584112,1906,12,GHA
26.961681,1907,1,GHA
27.419626,1907,2,GHA
29.096262,1907,3,GHA
28.958878,1907,4,GHA
29.02243,1907,5,GHA
26.646729,1907,6,GHA
26.209345,1907,7,GHA
25.319626,1907,8,GHA
25.931774,1907,9,GHA
27.881308,1907,10,GHA
27.409344,1907,11,GHA
25.814953,1907,12,GHA
26.723364,1908,1,GHA
28.476635,1908,2,GHA
29.157944,1908,3,GHA
29.575703,1908,4,GHA
28.524298,1908,5,GHA
27.300934,1908,6,GHA
26.02243,1908,7,GHA
24.991589,1908,8,GHA
25.87383,1908,9,GHA
26.58318,1908,10,GHA
26.849533,1908,11,GHA
26.149532,1908,12,GHA
26.883179,1909,1,GHA
29.639252,1909,2,GHA
31.017757,1909,3,GHA
29.058878,1909,4,GHA
27.86916,1909,5,GHA
25.523365,1909,6,GHA
24.9,1909,7,GHA
24.073832,1909,8,GHA
25.79159,1909,9,GHA
26.128973,1909,10,GHA
27.458878,1909,11,GHA
26.558878,1909,12,GHA
26.166355,1910,1,GHA
29.61402,1910,2,GHA
29.260748,1910,3,GHA
29.252338,1910,4,GHA
28.636448,1910,5,GHA
27.956076,1910,6,GHA
26.005606,1910,7,GHA
25.554205,1910,8,GHA
25.84299,1910,9,GHA
26.511215,1910,10,GHA
27.294394,1910,11,GHA
26.563553,1910,12,GHA
26.659815,1911,1,GHA
28.926168,1911,2,GHA
29.616821,1911,3,GHA
29.2514,1911,4,GHA
28.017757,1911,5,GHA
25.741123,1911,6,GHA
25.615887,1911,7,GHA
25.014954,1911,8,GHA
25.610281,1911,9,GHA
26.499065,1911,10,GHA
26.829906,1911,11,GHA
25.431776,1911,12,GHA
27.274765,1912,1,GHA
28.811214,1912,2,GHA
29.246729,1912,3,GHA
29.892523,1912,4,GHA
28.546728,1912,5,GHA
26.917759,1912,6,GHA
26.079441,1912,7,GHA
25.807476,1912,8,GHA
26.02056,1912,9,GHA
26.46542,1912,10,GHA
26.252338,1912,11,GHA
26.300934,1912,12,GHA
27.23458,1913,1,GHA
29.127102,1913,2,GHA
28.104671,1913,3,GHA
28.856075,1913,4,GHA
28.847662,1913,5,GHA
28.133646,1913,6,GHA
26.729908,1913,7,GHA
26.739252,1913,8,GHA
26.62617,1913,9,GHA
26.586918,1913,10,GHA
26.2,1913,11,GHA
25.823364,1913,12,GHA
28.46542,1914,1,GHA
28.610281,1914,2,GHA
28.805607,1914,3,GHA
28.909344,1914,4,GHA
29.27944,1914,5,GHA
27.935513,1914,6,GHA
26.193457,1914,7,GHA
25.636448,1914,8,GHA
25.672897,1914,9,GHA
26.742056,1914,10,GHA
27.62617,1914,11,GHA
25.908411,1914,12,GHA
25.864487,1915,1,GHA
28.132711,1915,2,GHA
29.787851,1915,3,GHA
28.541122,1915,4,GHA
28.027103,1915,5,GHA
25.961681,1915,6,GHA
25.671963,1915,7,GHA
25.276636,1915,8,GHA
25.479439,1915,9,GHA
26.26542,1915,10,GHA
26.788784,1915,11,GHA
25.864487,1915,12,GHA
25.76916,1916,1,GHA
27.674765,1916,2,GHA
29.205606,1916,3,GHA
28.372898,1916,4,GHA
27.507477,1916,5,GHA
26.054205,1916,6,GHA
25.7,1916,7,GHA
24.718693,1916,8,GHA
24.95888,1916,9,GHA
25.936447,1916,10,GHA
26.035513,1916,11,GHA
26.504673,1916,12,GHA
26.968225,1917,1,GHA
28.93458,1917,2,GHA
28.453272,1917,3,GHA
28.43925,1917,4,GHA
27.277569,1917,5,GHA
25.986917,1917,6,GHA
25.670094,1917,7,GHA
25.338318,1917,8,GHA
25.051403,1917,9,GHA
26.030842,1917,10,GHA
25.706543,1917,11,GHA
26.154205,1917,12,GHA
26.317759,1918,1,GHA
27.281307,1918,2,GHA
27.932713,1918,3,GHA
28.530842,1918,4,GHA
27.473831,1918,5,GHA
26.58598,1918,6,GHA
25.55888,1918,7,GHA
24.454205,1918,8,GHA
24.960749,1918,9,GHA
26.425236,1918,10,GHA
26.68785,1918,11,GHA
26.44299,1918,12,GHA
26.942057,1919,1,GHA
29.027103,1919,2,GHA
29.456076,1919,3,GHA
29.027103,1919,4,GHA
28.030842,1919,5,GHA
26.58598,1919,6,GHA
25.54112,1919,7,GHA
25.294392,1919,8,GHA
25.725235,1919,9,GHA
26.81215,1919,10,GHA
27.298132,1919,11,GHA
26.54486,1919,12,GHA
26.949533,1920,1,GHA
29.027103,1920,2,GHA
29.456076,1920,3,GHA
29.075703,1920,4,GHA
28.123363,1920,5,GHA
26.604671,1920,6,GHA
25.584112,1920,7,GHA
25.294392,1920,8,GHA
25.76916,1920,9,GHA
26.81215,1920,10,GHA
27.236446,1920,11,GHA
26.518692,1920,12,GHA
26.885046,1921,1,GHA
29.001867,1921,2,GHA
29.48972,1921,3,GHA
29.057943,1921,4,GHA
28.017757,1921,5,GHA
26.51215,1921,6,GHA
25.602804,1921,7,GHA
25.338318,1921,8,GHA
25.787851,1921,9,GHA
26.887852,1921,10,GHA
27.236446,1921,11,GHA
26.51028,1921,12,GHA
26.968225,1922,1,GHA
29.027103,1922,2,GHA
29.531775,1922,3,GHA
29.057943,1922,4,GHA
28.123363,1922,5,GHA
26.638317,1922,6,GHA
25.602804,1922,7,GHA
24.52243,1922,8,GHA
24.790653,1922,9,GHA
26.190655,1922,10,GHA
26.714954,1922,11,GHA
26.026169,1922,12,GHA
27.100933,1923,1,GHA
28.121496,1923,2,GHA
28.644861,1923,3,GHA
27.556076,1923,4,GHA
27.323364,1923,5,GHA
26.414953,1923,6,GHA
25.654205,1923,7,GHA
24.740187,1923,8,GHA
25.595327,1923,9,GHA
26.53458,1923,10,GHA
26.752338,1923,11,GHA
26.890656,1923,12,GHA
26.331776,1924,1,GHA
29.68598,1924,2,GHA
29.8514,1924,3,GHA
28.22617,1924,4,GHA
27.438318,1924,5,GHA
26.256077,1924,6,GHA
25.116823,1924,7,GHA
25.10841,1924,8,GHA
25.899067,1924,9,GHA
26.474766,1924,10,GHA
26.985046,1924,11,GHA
26.318691,1924,12,GHA
24.973831,1925,1,GHA
28.079441,1925,2,GHA
29.207478,1925,3,GHA
29.294394,1925,4,GHA
27.750467,1925,5,GHA
25.508411,1925,6,GHA
25.235514,1925,7,GHA
24.811214,1925,8,GHA
25.425234,1925,9,GHA
25.984112,1925,10,GHA
27.249533,1925,11,GHA
25.757944,1925,12,GHA
26.566355,1926,1,GHA
29.872898,1926,2,GHA
29.935513,1926,3,GHA
29.371027,1926,4,GHA
28.019627,1926,5,GHA
26.180374,1926,6,GHA
24.738317,1926,7,GHA
25.981308,1926,8,GHA
26.627102,1926,9,GHA
27.660748,1926,10,GHA
27.233646,1926,11,GHA
27.013083,1926,12,GHA
26.026169,1927,1,GHA
29.018692,1927,2,GHA
28.255138,1927,3,GHA
28.909344,1927,4,GHA
27.532711,1927,5,GHA
25.967289,1927,6,GHA
25.307476,1927,7,GHA
24.493458,1927,8,GHA
25.868225,1927,9,GHA
26.176636,1927,10,GHA
27.001867,1927,11,GHA
25.961681,1927,12,GHA
26.282242,1928,1,GHA
27.870092,1928,2,GHA
28.178503,1928,3,GHA
27.270092,1928,4,GHA
27.005606,1928,5,GHA
26.58785,1928,6,GHA
25.580374,1928,7,GHA
24.207478,1928,8,GHA
25.29159,1928,9,GHA
25.832712,1928,10,GHA
26.71402,1928,11,GHA
26.021496,1928,12,GHA
26.51215,1929,1,GHA
27.627102,1929,2,GHA
28.028036,1929,3,GHA
28.22056,1929,4,GHA
27.639252,1929,5,GHA
26.235514,1929,6,GHA
26.031775,1929,7,GHA
25.02243,1929,8,GHA
26.17944,1929,9,GHA
26.03458,1929,10,GHA
26.2486,1929,11,GHA
25.246729,1929,12,GHA
26.563553,1930,1,GHA
29.271963,1930,2,GHA
29.645794,1930,3,GHA
28.850468,1930,4,GHA
27.618692,1930,5,GHA
26.474766,1930,6,GHA
25.585981,1930,7,GHA
25.279438,1930,8,GHA
26.129908,1930,9,GHA
25.996262,1930,10,GHA
27.984112,1930,11,GHA
27.52243,1930,12,GHA
27.468225,1931,1,GHA
29.015888,1931,2,GHA
29.628036,1931,3,GHA
29.249533,1931,4,GHA
28.224298,1931,5,GHA
26.853271,1931,6,GHA
26.302805,1931,7,GHA
25.924297,1931,8,GHA
25.46355,1931,9,GHA
26.971964,1931,10,GHA
27.743923,1931,11,GHA
27.952337,1931,12,GHA
27.34486,1932,1,GHA
29.501867,1932,2,GHA
30.02243,1932,3,GHA
29.968225,1932,4,GHA
28.574764,1932,5,GHA
26.232712,1932,6,GHA
25.325233,1932,7,GHA
26.03458,1932,8,GHA
25.914953,1932,9,GHA
27.639252,1932,10,GHA
28.757944,1932,11,GHA
27.833645,1932,12,GHA
28.62243,1933,1,GHA
29.883179,1933,2,GHA
30.078503,1933,3,GHA
29.448599,1933,4,GHA
27.443924,1933,5,GHA
26.62617,1933,6,GHA
25.85701,1933,7,GHA
25.306541,1933,8,GHA
26.287851,1933,9,GHA
26.511215,1933,10,GHA
28.114954,1933,11,GHA
27.098133,1933,12,GHA
26.806543,1934,1,GHA
28.847662,1934,2,GHA
29.257944,1934,3,GHA
29.047663,1934,4,GHA
28.255138,1934,5,GHA
26.437384,1934,6,GHA
25.72617,1934,7,GHA
25.774765,1934,8,GHA
26.383179,1934,9,GHA
27.211216,1934,10,GHA
28.473831,1934,11,GHA
27.161682,1934,12,GHA
27.196262,1935,1,GHA
29.228973,1935,2,GHA
30.771027,1935,3,GHA
29.98318,1935,4,GHA
27.668224,1935,5,GHA
25.735514,1935,6,GHA
25.147663,1935,7,GHA
24.784113,1935,8,GHA
25.70841,1935,9,GHA
26.100933,1935,10,GHA
26.727102,1935,11,GHA
26.76542,1935,12,GHA
26.546728,1936,1,GHA
29.659815,1936,2,GHA
30.349533,1936,3,GHA
28.375702,1936,4,GHA
27.195328,1936,5,GHA
26.119625,1936,6,GHA
25.270092,1936,7,GHA
24.7757,1936,8,GHA
25.325233,1936,9,GHA
26.830841,1936,10,GHA
27.640186,1936,11,GHA
26.2,1936,12,GHA
27.370092,1937,1,GHA
29.384113,1937,2,GHA
30.528973,1937,3,GHA
30.413082,1937,4,GHA
29.196262,1937,5,GHA
27.375702,1937,6,GHA
26.006542,1937,7,GHA
26.12617,1937,8,GHA
26.19159,1937,9,GHA
27.29159,1937,10,GHA
28.609344,1937,11,GHA
27.882242,1937,12,GHA
27.815887,1938,1,GHA
30.707478,1938,2,GHA
30.121496,1938,3,GHA
30.345795,1938,4,GHA
29.428036,1938,5,GHA
28.132711,1938,6,GHA
26.22617,1938,7,GHA
25.555141,1938,8,GHA
26.447662,1938,9,GHA
28.21402,1938,10,GHA
28.624298,1938,11,GHA
28.138317,1938,12,GHA
28.058878,1939,1,GHA
28.880375,1939,2,GHA
30.045795,1939,3,GHA
30.028973,1939,4,GHA
28.826168,1939,5,GHA
27.071026,1939,6,GHA
26.31215,1939,7,GHA
25.583178,1939,8,GHA
26.058878,1939,9,GHA
27.735514,1939,10,GHA
28.592524,1939,11,GHA
27.727102,1939,12,GHA
26.866354,1940,1,GHA
28.872898,1940,2,GHA
29.456076,1940,3,GHA
29.15327,1940,4,GHA
28.206543,1940,5,GHA
26.680374,1940,6,GHA
25.646729,1940,7,GHA
25.35701,1940,8,GHA
25.830841,1940,9,GHA
26.81215,1940,10,GHA
27.236446,1940,11,GHA
26.44299,1940,12,GHA
27.635513,1941,1,GHA
29.102804,1941,2,GHA
30.604671,1941,3,GHA
29.596262,1941,4,GHA
28.858877,1941,5,GHA
27.212149,1941,6,GHA
26.217758,1941,7,GHA
26.115887,1941,8,GHA
27.062616,1941,9,GHA
28.157944,1941,10,GHA
28.12617,1941,11,GHA
27.290655,1941,12,GHA
26.928036,1942,1,GHA
29.863552,1942,2,GHA
30.15327,1942,3,GHA
29.602804,1942,4,GHA
28.105606,1942,5,GHA
27.178503,1942,6,GHA
25.84486,1942,7,GHA
25.223364,1942,8,GHA
27.061682,1942,9,GHA
27.262615,1942,10,GHA
27.854206,1942,11,GHA
26.394394,1942,12,GHA
26.760748,1943,1,GHA
29.006542,1943,2,GHA
29.22617,1943,3,GHA
28.929907,1943,4,GHA
27.446728,1943,5,GHA
26.3514,1943,6,GHA
25.525234,1943,7,GHA
25.225233,1943,8,GHA
25.998133,1943,9,GHA
26.998133,1943,10,GHA
27.37757,1943,11,GHA
27.166355,1943,12,GHA
26.461681,1944,1,GHA
28.52243,1944,2,GHA
29.323364,1944,3,GHA
29.047663,1944,4,GHA
29.311214,1944,5,GHA
27.000935,1944,6,GHA
26.278503,1944,7,GHA
25.91215,1944,8,GHA
26.596262,1944,9,GHA
27.671026,1944,10,GHA
27.589718,1944,11,GHA
27.110281,1944,12,GHA
27.443924,1945,1,GHA
28.546728,1945,2,GHA
29.176636,1945,3,GHA
29.109344,1945,4,GHA
28.494394,1945,5,GHA
26.928974,1945,6,GHA
26.003738,1945,7,GHA
25.570093,1945,8,GHA
26.699066,1945,9,GHA
26.728037,1945,10,GHA
27.300934,1945,11,GHA
26.071026,1945,12,GHA
27.245794,1946,1,GHA
28.823364,1946,2,GHA
29.97757,1946,3,GHA
29.316822,1946,4,GHA
28.145794,1946,5,GHA
25.954205,1946,6,GHA
25.499065,1946,7,GHA
24.862617,1946,8,GHA
25.706543,1946,9,GHA
25.94299,1946,10,GHA
27.362616,1946,11,GHA
26.053272,1946,12,GHA
26.532711,1947,1,GHA
30.262615,1947,2,GHA
29.19159,1947,3,GHA
29.069159,1947,4,GHA
28.994394,1947,5,GHA
26.97757,1947,6,GHA
25.901867,1947,7,GHA
25.947662,1947,8,GHA
26.167288,1947,9,GHA
26.980373,1947,10,GHA
26.752338,1947,11,GHA
26.514019,1947,12,GHA
26.166355,1948,1,GHA
28.58318,1948,2,GHA
29.31402,1948,3,GHA
28.604671,1948,4,GHA
27.557943,1948,5,GHA
25.831776,1948,6,GHA
25.635513,1948,7,GHA
25.54112,1948,8,GHA
26.194393,1948,9,GHA
27.37383,1948,10,GHA
26.985046,1948,11,GHA
26.509344,1948,12,GHA
27.20841,1949,1,GHA
28.728973,1949,2,GHA
30.06542,1949,3,GHA
29.4,1949,4,GHA
28.202805,1949,5,GHA
26.855139,1949,6,GHA
26.222431,1949,7,GHA
25.548597,1949,8,GHA
26.442057,1949,9,GHA
27.499065,1949,10,GHA
27.707478,1949,11,GHA
26.518692,1949,12,GHA
27.266354,1950,1,GHA
28.32243,1950,2,GHA
29.030842,1950,3,GHA
28.803738,1950,4,GHA
28.37944,1950,5,GHA
26.65327,1950,6,GHA
25.514954,1950,7,GHA
25.01215,1950,8,GHA
25.768225,1950,9,GHA
26.473831,1950,10,GHA
26.72617,1950,11,GHA
26.08785,1950,12,GHA
27.224298,1951,1,GHA
28.967289,1951,2,GHA
29.212149,1951,3,GHA
29.441122,1951,4,GHA
27.981308,1951,5,GHA
27.107477,1951,6,GHA
25.635513,1951,7,GHA
25.795328,1951,8,GHA
26.13084,1951,9,GHA
26.356075,1951,10,GHA
26.74299,1951,11,GHA
26.236446,1951,12,GHA
26.906544,1952,1,GHA
28.530842,1952,2,GHA
29.329906,1952,3,GHA
29.603739,1952,4,GHA
27.982243,1952,5,GHA
26.724298,1952,6,GHA
25.530842,1952,7,GHA
25.131777,1952,8,GHA
25.246729,1952,9,GHA
26.225235,1952,10,GHA
26.897196,1952,11,GHA
26.591589,1952,12,GHA
27.304672,1953,1,GHA
28.371964,1953,2,GHA
28.950466,1953,3,GHA
29.417759,1953,4,GHA
27.542057,1953,5,GHA
26.167288,1953,6,GHA
25.200933,1953,7,GHA
25.254206,1953,8,GHA
25.658878,1953,9,GHA
26.538319,1953,10,GHA
27.375702,1953,11,GHA
26.222431,1953,12,GHA
26.65701,1954,1,GHA
28.508411,1954,2,GHA
29.158878,1954,3,GHA
28.58785,1954,4,GHA
27.65514,1954,5,GHA
26,1954,6,GHA
24.764486,1954,7,GHA
24.86729,1954,8,GHA
25.403738,1954,9,GHA
25.988785,1954,10,GHA
27.054205,1954,11,GHA
26.580374,1954,12,GHA
26.862616,1955,1,GHA
28.562616,1955,2,GHA
28.528036,1955,3,GHA
28.311214,1955,4,GHA
27.759815,1955,5,GHA
26.013083,1955,6,GHA
24.9757,1955,7,GHA
25.097197,1955,8,GHA
25.097197,1955,9,GHA
26.15701,1955,10,GHA
26.948599,1955,11,GHA
25.780375,1955,12,GHA
26.472897,1956,1,GHA
28.770092,1956,2,GHA
28.326168,1956,3,GHA
28.56542,1956,4,GHA
27.659815,1956,5,GHA
25.763554,1956,6,GHA
24.671028,1956,7,GHA
24.9757,1956,8,GHA
25.652338,1956,9,GHA
26.41402,1956,10,GHA
27.072897,1956,11,GHA
26.056076,1956,12,GHA
25.918692,1957,1,GHA
28.057943,1957,2,GHA
29.005606,1957,3,GHA
28.969158,1957,4,GHA
27.659815,1957,5,GHA
26.272898,1957,6,GHA
25.440187,1957,7,GHA
25.317757,1957,8,GHA
25.479439,1957,9,GHA
26.094395,1957,10,GHA
27.086918,1957,11,GHA
26.750467,1957,12,GHA
27.62056,1958,1,GHA
28.363552,1958,2,GHA
29.599066,1958,3,GHA
29.03458,1958,4,GHA
27.866354,1958,5,GHA
25.721497,1958,6,GHA
25.066357,1958,7,GHA
25.272898,1958,8,GHA
25.56355,1958,9,GHA
26.897196,1958,10,GHA
27.348598,1958,11,GHA
26.468225,1958,12,GHA
27.162617,1959,1,GHA
28.882242,1959,2,GHA
29.448599,1959,3,GHA
29.43925,1959,4,GHA
27.642056,1959,5,GHA
26.531775,1959,6,GHA
25.461681,1959,7,GHA
25.166355,1959,8,GHA
25.644861,1959,9,GHA
27.04486,1959,10,GHA
27.52243,1959,11,GHA
26.22617,1959,12,GHA
26.920559,1960,1,GHA
28.77944,1960,2,GHA
28.9,1960,3,GHA
28.297195,1960,4,GHA
28.123363,1960,5,GHA
26.174765,1960,6,GHA
25.503738,1960,7,GHA
25.379438,1960,8,GHA
25.81215,1960,9,GHA
26.55514,1960,10,GHA
27.025234,1960,11,GHA
26.417759,1960,12,GHA
26.681309,1961,1,GHA
27.932713,1961,2,GHA
29.135513,1961,3,GHA
28.692524,1961,4,GHA
28.36916,1961,5,GHA
26.101868,1961,6,GHA
25.06542,1961,7,GHA
24.72617,1961,8,GHA
25.416822,1961,9,GHA
27.014019,1961,10,GHA
27.053272,1961,11,GHA
26.292522,1961,12,GHA
26.728973,1962,1,GHA
28.621496,1962,2,GHA
29.449533,1962,3,GHA
28.635513,1962,4,GHA
27.539251,1962,5,GHA
25.7,1962,6,GHA
25.576635,1962,7,GHA
24.794392,1962,8,GHA
25.479439,1962,9,GHA
26.535513,1962,10,GHA
27.145794,1962,11,GHA
26.05701,1962,12,GHA
27.107477,1963,1,GHA
29.067287,1963,2,GHA
28.905605,1963,3,GHA
28.646729,1963,4,GHA
27.789719,1963,5,GHA
26.864487,1963,6,GHA
26.06542,1963,7,GHA
26.003738,1963,8,GHA
26.43458,1963,9,GHA
26.501867,1963,10,GHA
26.914953,1963,11,GHA
26.53458,1963,12,GHA
26.76916,1964,1,GHA
28.785046,1964,2,GHA
29.504673,1964,3,GHA
28.784113,1964,4,GHA
27.631775,1964,5,GHA
26.097195,1964,6,GHA
25.043926,1964,7,GHA
24.715887,1964,8,GHA
25.22617,1964,9,GHA
25.954205,1964,10,GHA
26.711216,1964,11,GHA
26.267288,1964,12,GHA
26.788784,1965,1,GHA
28.628973,1965,2,GHA
29.213083,1965,3,GHA
28.538319,1965,4,GHA
27.564487,1965,5,GHA
26.193457,1965,6,GHA
25.383177,1965,7,GHA
25.039251,1965,8,GHA
25.76916,1965,9,GHA
26.88598,1965,10,GHA
27.22617,1965,11,GHA
26.1,1965,12,GHA
26.97944,1966,1,GHA
28.581308,1966,2,GHA
29.471027,1966,3,GHA
29.039251,1966,4,GHA
28.267288,1966,5,GHA
26.411215,1966,6,GHA
26.23084,1966,7,GHA
25.642056,1966,8,GHA
25.833645,1966,9,GHA
26.953272,1966,10,GHA
27.586918,1966,11,GHA
26.698132,1966,12,GHA
26.23458,1967,1,GHA
28.689718,1967,2,GHA
28.903738,1967,3,GHA
28.835514,1967,4,GHA
28.121496,1967,5,GHA
26.263554,1967,6,GHA
25.18972,1967,7,GHA
25.185982,1967,8,GHA
25.500935,1967,9,GHA
26.641123,1967,10,GHA
27.17944,1967,11,GHA
26.696262,1967,12,GHA
26.349533,1968,1,GHA
28.863552,1968,2,GHA
28.992523,1968,3,GHA
28.249533,1968,4,GHA
27.826168,1968,5,GHA
26.352337,1968,6,GHA
25.943924,1968,7,GHA
26.461681,1968,8,GHA
25.917759,1968,9,GHA
27.113083,1968,10,GHA
27.301868,1968,11,GHA
27.084112,1968,12,GHA
27.103739,1969,1,GHA
29.462616,1969,2,GHA
29.728037,1969,3,GHA
29.693457,1969,4,GHA
28.62617,1969,5,GHA
26.959814,1969,6,GHA
25.63084,1969,7,GHA
25.518692,1969,8,GHA
25.770092,1969,9,GHA
26.52243,1969,10,GHA
26.894394,1969,11,GHA
27.128973,1969,12,GHA
27.457943,1970,1,GHA
29.299067,1970,2,GHA
29.754206,1970,3,GHA
29.673832,1970,4,GHA
27.85701,1970,5,GHA
27.182241,1970,6,GHA
25.42056,1970,7,GHA
25.217756,1970,8,GHA
25.527103,1970,9,GHA
27.176636,1970,10,GHA
26.855139,1970,11,GHA
26.298132,1970,12,GHA
26.135513,1971,1,GHA
28.343924,1971,2,GHA
28.657944,1971,3,GHA
28.576635,1971,4,GHA
27.759815,1971,5,GHA
26.166355,1971,6,GHA
25.0243,1971,7,GHA
24.39159,1971,8,GHA
24.951403,1971,9,GHA
26.280375,1971,10,GHA
26.92243,1971,11,GHA
25.719625,1971,12,GHA
26.640186,1972,1,GHA
28.728973,1972,2,GHA
28.937384,1972,3,GHA
28.21402,1972,4,GHA
27.41682,1972,5,GHA
26.198132,1972,6,GHA
25.629908,1972,7,GHA
24.926168,1972,8,GHA
25.721497,1972,9,GHA
26.519627,1972,10,GHA
27.121496,1972,11,GHA
26.632711,1972,12,GHA
27.311214,1973,1,GHA
29.759815,1973,2,GHA
29.600933,1973,3,GHA
29.546728,1973,4,GHA
28.508411,1973,5,GHA
26.775702,1973,6,GHA
25.911215,1973,7,GHA
25.318691,1973,8,GHA
25.570093,1973,9,GHA
26.78598,1973,10,GHA
27.08318,1973,11,GHA
26.307476,1973,12,GHA
26.189718,1974,1,GHA
28.51682,1974,2,GHA
29.028973,1974,3,GHA
28.801868,1974,4,GHA
27.782242,1974,5,GHA
26.365421,1974,6,GHA
25.237383,1974,7,GHA
25.259813,1974,8,GHA
25.050467,1974,9,GHA
26.183178,1974,10,GHA
26.815887,1974,11,GHA
25.578505,1974,12,GHA
25.94486,1975,1,GHA
28.21402,1975,2,GHA
29.014954,1975,3,GHA
28.478504,1975,4,GHA
27.556076,1975,5,GHA
26.445795,1975,6,GHA
25.04299,1975,7,GHA
24.711216,1975,8,GHA
24.921495,1975,9,GHA
26.245794,1975,10,GHA
26.919626,1975,11,GHA
26.262615,1975,12,GHA
26.42243,1976,1,GHA
28.089718,1976,2,GHA
28.784113,1976,3,GHA
28.484112,1976,4,GHA
27.402805,1976,5,GHA
25.516823,1976,6,GHA
25.085981,1976,7,GHA
24.620562,1976,8,GHA
25.464487,1976,9,GHA
25.479439,1976,10,GHA
26.254206,1976,11,GHA
26.175701,1976,12,GHA
27.109344,1977,1,GHA
28.625235,1977,2,GHA
29.640186,1977,3,GHA
29.574764,1977,4,GHA
28.150467,1977,5,GHA
26.500935,1977,6,GHA
25.706543,1977,7,GHA
24.833645,1977,8,GHA
25.700933,1977,9,GHA
26.71402,1977,10,GHA
27.261683,1977,11,GHA
26.071964,1977,12,GHA
27.175701,1978,1,GHA
29.24299,1978,2,GHA
28.746729,1978,3,GHA
28.147663,1978,4,GHA
27.521496,1978,5,GHA
25.92243,1978,6,GHA
24.794392,1978,7,GHA
24.972897,1978,8,GHA
25.336449,1978,9,GHA
26.252338,1978,10,GHA
26.573832,1978,11,GHA
26.754206,1978,12,GHA
27.568226,1979,1,GHA
28.617758,1979,2,GHA
29.621496,1979,3,GHA
29.335514,1979,4,GHA
27.888784,1979,5,GHA
25.933645,1979,6,GHA
25.486916,1979,7,GHA
25.544859,1979,8,GHA
25.739252,1979,9,GHA
26.710281,1979,10,GHA
27.056076,1979,11,GHA
25.928974,1979,12,GHA
27.033646,1980,1,GHA
28.680374,1980,2,GHA
29.26916,1980,3,GHA
29.330841,1980,4,GHA
27.637384,1980,5,GHA
26.671026,1980,6,GHA
25.288784,1980,7,GHA
25.166355,1980,8,GHA
25.980373,1980,9,GHA
26.402805,1980,10,GHA
26.742056,1980,11,GHA
25.168224,1980,12,GHA
26.45701,1981,1,GHA
29.266354,1981,2,GHA
29.62617,1981,3,GHA
29.358877,1981,4,GHA
27.795328,1981,5,GHA
27.028036,1981,6,GHA
25.468224,1981,7,GHA
25.49813,1981,8,GHA
26.02243,1981,9,GHA
27.427103,1981,10,GHA
27.432713,1981,11,GHA
27.15327,1981,12,GHA
26.85701,1982,1,GHA
28.915888,1982,2,GHA
29.245794,1982,3,GHA
29.040186,1982,4,GHA
27.790655,1982,5,GHA
26.699066,1982,6,GHA
25.616821,1982,7,GHA
25.154205,1982,8,GHA
26.15514,1982,9,GHA
26.647663,1982,10,GHA
26.998133,1982,11,GHA
26.728973,1982,12,GHA
25.91402,1983,1,GHA
29.671026,1983,2,GHA
30.56075,1983,3,GHA
30.096262,1983,4,GHA
28.662617,1983,5,GHA
26.535513,1983,6,GHA
25.82243,1983,7,GHA
25.68785,1983,8,GHA
26.23084,1983,9,GHA
27.672897,1983,10,GHA
27.815887,1983,11,GHA
26.98972,1983,12,GHA
27.266354,1984,1,GHA
29.067287,1984,2,GHA
29.747662,1984,3,GHA
29.250467,1984,4,GHA
28.288784,1984,5,GHA
27.222431,1984,6,GHA
26.08598,1984,7,GHA
26.261683,1984,8,GHA
26.049534,1984,9,GHA
27.035513,1984,10,GHA
27.93925,1984,11,GHA
26.181309,1984,12,GHA
27.645794,1985,1,GHA
28.927103,1985,2,GHA
29.900934,1985,3,GHA
29.141123,1985,4,GHA
28.441122,1985,5,GHA
26.76542,1985,6,GHA
25.460749,1985,7,GHA
25.728037,1985,8,GHA
25.705606,1985,9,GHA
27.229908,1985,10,GHA
27.810282,1985,11,GHA
26.076635,1985,12,GHA
26.907476,1986,1,GHA
29.580374,1986,2,GHA
29.448599,1986,3,GHA
29.74299,1986,4,GHA
28.889719,1986,5,GHA
26.976635,1986,6,GHA
25.43645,1986,7,GHA
25.266356,1986,8,GHA
25.777569,1986,9,GHA
26.800934,1986,10,GHA
26.94486,1986,11,GHA
25.960749,1986,12,GHA
27.945795,1987,1,GHA
29.63084,1987,2,GHA
29.914953,1987,3,GHA
30.627102,1987,4,GHA
29.42243,1987,5,GHA
27.376637,1987,6,GHA
26.825235,1987,7,GHA
26.514954,1987,8,GHA
26.788784,1987,9,GHA
27.357944,1987,10,GHA
28.386917,1987,11,GHA
27.033646,1987,12,GHA
27.331776,1988,1,GHA
29.928036,1988,2,GHA
30.478504,1988,3,GHA
29.649532,1988,4,GHA
29.172897,1988,5,GHA
26.937384,1988,6,GHA
25.829906,1988,7,GHA
25.519627,1988,8,GHA
26.171963,1988,9,GHA
27.732712,1988,10,GHA
27.84673,1988,11,GHA
26.286917,1988,12,GHA
26.10841,1989,1,GHA
28.833645,1989,2,GHA
29.34486,1989,3,GHA
29.72617,1989,4,GHA
28.845795,1989,5,GHA
27.08785,1989,6,GHA
26.086918,1989,7,GHA
25.61402,1989,8,GHA
26.071026,1989,9,GHA
26.81402,1989,10,GHA
28.103739,1989,11,GHA
26.980373,1989,12,GHA
27.4,1990,1,GHA
28.819626,1990,2,GHA
30.476635,1990,3,GHA
29.950466,1990,4,GHA
28.81215,1990,5,GHA
27.051401,1990,6,GHA
25.683178,1990,7,GHA
25.668224,1990,8,GHA
26.314953,1990,9,GHA
27.459814,1990,10,GHA
27.628973,1990,11,GHA
26.971964,1990,12,GHA
27.671963,1991,1,GHA
29.777569,1991,2,GHA
29.932713,1991,3,GHA
28.731775,1991,4,GHA
27.571964,1991,5,GHA
27.342056,1991,6,GHA
25.789719,1991,7,GHA
25.261683,1991,8,GHA
26.223364,1991,9,GHA
26.097195,1991,10,GHA
27.121496,1991,11,GHA
26.302805,1991,12,GHA
26.237385,1992,1,GHA
29.48318,1992,2,GHA
29.805607,1992,3,GHA
29.380375,1992,4,GHA
28.317759,1992,5,GHA
26.3514,1992,6,GHA
25.337383,1992,7,GHA
24.94299,1992,8,GHA
25.662617,1992,9,GHA
26.805607,1992,10,GHA
26.52243,1992,11,GHA
26.570093,1992,12,GHA
26.123363,1993,1,GHA
28.825235,1993,2,GHA
29.000935,1993,3,GHA
29.681309,1993,4,GHA
28.859814,1993,5,GHA
26.906544,1993,6,GHA
25.68598,1993,7,GHA
25.502804,1993,8,GHA
25.999065,1993,9,GHA
27.327103,1993,10,GHA
28.007477,1993,11,GHA
26.881308,1993,12,GHA
27.050467,1994,1,GHA
29.297195,1994,2,GHA
29.994394,1994,3,GHA
29.47944,1994,4,GHA
28.185047,1994,5,GHA
26.829906,1994,6,GHA
25.704672,1994,7,GHA
25.370092,1994,8,GHA
25.974766,1994,9,GHA
26.438318,1994,10,GHA
27.347662,1994,11,GHA
26.170094,1994,12,GHA
26.719625,1995,1,GHA
29.12056,1995,2,GHA
29.781307,1995,3,GHA
29.62243,1995,4,GHA
28.667288,1995,5,GHA
27.427103,1995,6,GHA
26.238317,1995,7,GHA
25.802805,1995,8,GHA
26.341122,1995,9,GHA
27.003738,1995,10,GHA
27.368225,1995,11,GHA
27.258877,1995,12,GHA
27.654205,1996,1,GHA
29.43925,1996,2,GHA
30.105606,1996,3,GHA
29.31402,1996,4,GHA
28.804672,1996,5,GHA
26.913082,1996,6,GHA
26.02243,1996,7,GHA
25.440187,1996,8,GHA
25.645794,1996,9,GHA
26.628036,1996,10,GHA
27.111216,1996,11,GHA
26.81215,1996,12,GHA
27.807476,1997,1,GHA
28.695328,1997,2,GHA
29.640186,1997,3,GHA
29.343924,1997,4,GHA
27.853271,1997,5,GHA
26.359814,1997,6,GHA
25.759815,1997,7,GHA
25.485046,1997,8,GHA
26.567287,1997,9,GHA
27.46542,1997,10,GHA
27.78598,1997,11,GHA
27.240185,1997,12,GHA
27.398132,1998,1,GHA
30.397196,1998,2,GHA
30.580374,1998,3,GHA
30.760748,1998,4,GHA
29.325235,1998,5,GHA
27.469158,1998,6,GHA
26.372898,1998,7,GHA
25.60841,1998,8,GHA
26.167288,1998,9,GHA
27.237385,1998,10,GHA
28.025234,1998,11,GHA
27.184113,1998,12,GHA
27.395329,1999,1,GHA
28.450466,1999,2,GHA
29.999065,1999,3,GHA
29.292522,1999,4,GHA
28.519627,1999,5,GHA
27.541122,1999,6,GHA
26.045795,1999,7,GHA
25.624298,1999,8,GHA
25.5757,1999,9,GHA
26.329906,1999,10,GHA
27.538319,1999,11,GHA
26.793457,1999,12,GHA
27.75701,2000,1,GHA
28.288784,2000,2,GHA
29.84299,2000,3,GHA
29.552338,2000,4,GHA
28.84673,2000,5,GHA
26.861683,2000,6,GHA
25.872898,2000,7,GHA
25.614954,2000,8,GHA
26.17757,2000,9,GHA
27.024298,2000,10,GHA
27.753271,2000,11,GHA
26.858877,2000,12,GHA
26.609344,2001,1,GHA
28.865421,2001,2,GHA
29.888784,2001,3,GHA
29.184113,2001,4,GHA
28.255138,2001,5,GHA
27.054205,2001,6,GHA
25.956076,2001,7,GHA
25.492523,2001,8,GHA
26.053272,2001,9,GHA
27.384113,2001,10,GHA
28.013083,2001,11,GHA
26.861683,2001,12,GHA
26.980373,2002,1,GHA
28.396261,2002,2,GHA
30.000935,2002,3,GHA
29.415888,2002,4,GHA
29.309345,2002,5,GHA
27.295328,2002,6,GHA
26.365421,2002,7,GHA
25.62056,2002,8,GHA
26.103739,2002,9,GHA
26.771027,2002,10,GHA
27.270092,2002,11,GHA
26.659815,2002,12,GHA
27.080374,2003,1,GHA
29.985981,2003,2,GHA
29.732712,2003,3,GHA
29.285046,2003,4,GHA
28.697195,2003,5,GHA
26.738317,2003,6,GHA
25.864487,2003,7,GHA
25.849533,2003,8,GHA
26.326168,2003,9,GHA
27.617758,2003,10,GHA
27.838318,2003,11,GHA
26.91215,2003,12,GHA
27.484112,2004,1,GHA
29.223364,2004,2,GHA
29.97757,2004,3,GHA
29.293457,2004,4,GHA
28.10841,2004,5,GHA
26.671026,2004,6,GHA
25.783178,2004,7,GHA
25.701868,2004,8,GHA
26.171026,2004,9,GHA
27.528973,2004,10,GHA
28.033646,2004,11,GHA
27.909344,2004,12,GHA
26.866354,2005,1,GHA
30.519627,2005,2,GHA
30.21402,2005,3,GHA
29.931774,2005,4,GHA
28.482243,2005,5,GHA
27.038319,2005,6,GHA
25.895329,2005,7,GHA
25.481308,2005,8,GHA
26.469158,2005,9,GHA
27.382242,2005,10,GHA
28.07757,2005,11,GHA
27.718693,2005,12,GHA
25.898132,2006,1,GHA
29.58598,2006,2,GHA
29.838318,2006,3,GHA
30.345795,2006,4,GHA
28.100933,2006,5,GHA
27.592524,2006,6,GHA
26.511215,2006,7,GHA
25.915888,2006,8,GHA
26.168224,2006,9,GHA
27.368225,2006,10,GHA
26.82056,2006,11,GHA
26.76916,2006,12,GHA
25.84673,2007,1,GHA
29.616821,2007,2,GHA
30.139252,2007,3,GHA
29.196262,2007,4,GHA
28.817759,2007,5,GHA
27.228037,2007,6,GHA
26.413082,2007,7,GHA
25.800934,2007,8,GHA
26.385046,2007,9,GHA
27.270092,2007,10,GHA
27.572897,2007,11,GHA
26.646729,2007,12,GHA
25.227102,2008,1,GHA
28.32056,2008,2,GHA
29.402805,2008,3,GHA
29.75701,2008,4,GHA
28.635513,2008,5,GHA
27.001867,2008,6,GHA
26.067287,2008,7,GHA
25.741123,2008,8,GHA
26.289719,2008,9,GHA
27.178503,2008,10,GHA
27.081308,2008,11,GHA
27.042057,2008,12,GHA
26.85701,2009,1,GHA
29.829906,2009,2,GHA
29.654205,2009,3,GHA
29.290655,2009,4,GHA
28.948599,2009,5,GHA
27.464487,2009,6,GHA
26.192524,2009,7,GHA
25.828974,2009,8,GHA
26.299067,2009,9,GHA
26.960749,2009,10,GHA
27.074764,2009,11,GHA
26.785046,2009,12,GHA
27.979092,2010,1,GHA
30.694546,2010,2,GHA
30.795456,2010,3,GHA
30.175455,2010,4,GHA
29.044546,2010,5,GHA
27.632727,2010,6,GHA
26.379093,2010,7,GHA
26.120907,2010,8,GHA
26.34909,2010,9,GHA
26.943638,2010,10,GHA
27.423635,2010,11,GHA
26.7,2010,12,GHA
27.189999,2011,1,GHA
29.272726,2011,2,GHA
30.258183,2011,3,GHA
29.837275,2011,4,GHA
28.669092,2011,5,GHA
27.40091,2011,6,GHA
26.207272,2011,7,GHA
25.783636,2011,8,GHA
26.341818,2011,9,GHA
27.33909,2011,10,GHA
27.50909,2011,11,GHA
26.666363,2011,12,GHA
27.215454,2012,1,GHA
29.155453,2012,2,GHA
30.212727,2012,3,GHA
29.179998,2012,4,GHA
27.912725,2012,5,GHA
26.708181,2012,6,GHA
25.947271,2012,7,GHA
25.49909,2012,8,GHA
26.038181,2012,9,GHA
26.902729,2012,10,GHA
27.85091,2012,11,GHA
26.496363,2012,12,GHA
